username,first_name,last_name,email,gender,country,age
JohnDoe,John,Doe,john.doe@example.com,Male,USA,28
JaneDoe,Jane,Doe,jane.doe@example.com,Female,USA,27
PeterParker,Peter,Parker,peter.parker@example.com,Male,USA,26
MaryJane,Mary,Jane,mary.jane@example.com,Female,USA,25
BruceWayne,Bruce,Wayne,bruce.wayne@example.com,Male,USA,24
ClarkKent,Clark,Kent,clark.kent@example.com,Male,USA,23
DianaPrince,Diana,Prince,diana.prince@example.com,Female,USA,22
ArthurCurry,Arthur,Curry,arthur.curry@example.com,Male,USA,21
BarryAllen,Barry,Allen,barry.allen@example.com,Male,USA,20
VictorStone,Victor,Stone,victor.stone@example.com,Male,USA,19
RayFisher,Ray,Fisher,ray.fisher@example.com,Male,USA,18
JasonMomoa,Jason,Momoa,jason.momoa@example.com,Male,USA,17
GalGadot,Gal,Gadot,gal.gadot@example.com,Female,USA,16
BenAffleck,Ben,Affleck,ben.affleck@example.com,Male,USA,15
HenryCavill,Henry,Cavill,henry.cavill@example.com,Male,USA,14
